Agra,2016,Assault on women with intent to outrage her modesty,54,6.7
Agra,2016,Insult to the modesty of women,61,7.6
Agra,2016,Sexual harassment and molestation of women,115,0
Ahmedabad,2016,Assault on women with intent to outrage her modesty,73,2.4
Ahmedabad,2016,Insult to the modesty of women,9,0.3
Ahmedabad,2016,Sexual harassment and molestation of women,82,0
Allahabad,2016,Assault on women with intent to outrage her modesty,9,1.6
Allahabad,2016,Insult to the modesty of women,0,0
Allahabad,2016,Sexual harassment and molestation of women,9,0
Amritsar,2016,Assault on women with intent to outrage her modesty,10,1.8
Amritsar,2016,Insult to the modesty of women,4,0.7
Amritsar,2016,Sexual harassment and molestation of women,14,0
Asansol,2016,Assault on women with intent to outrage her modesty,13,2.2
Asansol,2016,Insult to the modesty of women,0,0
Asansol,2016,Sexual harassment and molestation of women,13,0
Bengaluru,2016,Assault on women with intent to outrage her modesty,308,7.6
Bengaluru,2016,Insult to the modesty of women,50,1.2
Bengaluru,2016,Sexual harassment and molestation of women,358,0
Bhopal,2016,Assault on women with intent to outrage her modesty,21,2.3
Bhopal,2016,Insult to the modesty of women,139,15.5
Bhopal,2016,Sexual harassment and molestation of women,160,0
Chennai,2016,Assault on women with intent to outrage her modesty,45,1
Chennai,2016,Insult to the modesty of women,23,0.5
Chennai,2016,Sexual harassment and molestation of women,68,0
Coimbatore,2016,Assault on women with intent to outrage her modesty,35,3.3
Coimbatore,2016,Insult to the modesty of women,1,0.1
Coimbatore,2016,Sexual harassment and molestation of women,36,0
Delhi,2016,Assault on women with intent to outrage her modesty,550,7.3
Delhi,2016,Insult to the modesty of women,73,1
Delhi,2016,Sexual harassment and molestation of women,623,0
Dhanbad,2016,Assault on women with intent to outrage her modesty,6,1.1
Dhanbad,2016,Insult to the modesty of women,0,0
Dhanbad,2016,Sexual harassment and molestation of women,6,0
Faridabad,2016,Assault on women with intent to outrage her modesty,27,4.1
Faridabad,2016,Insult to the modesty of women,78,11.9
Faridabad,2016,Sexual harassment and molestation of women,105,0
Hyderabad,2016,Assault on women with intent to outrage her modesty,171,4.5
Hyderabad,2016,Insult to the modesty of women,60,1.6
Hyderabad,2016,Sexual harassment and molestation of women,231,0
India,2016,Assault on women with intent to outrage her modesty,40613,6.9
India,2016,Insult to the modesty of women,9961,1.7
India,2016,Sexual harassment and molestation of women,50574,0
Indore,2016,Assault on women with intent to outrage her modesty,211,20.3
Indore,2016,Insult to the modesty of women,47,4.5
Indore,2016,Sexual harassment and molestation of women,258,0
Jabalpur,2016,Assault on women with intent to outrage her modesty,114,18.9
Jabalpur,2016,Insult to the modesty of women,49,8.1
Jabalpur,2016,Sexual harassment and molestation of women,163,0
Jaipur,2016,Assault on women with intent to outrage her modesty,115,7.9
Jaipur,2016,Insult to the modesty of women,0,0
Jaipur,2016,Sexual harassment and molestation of women,115,0
Jamshedpur,2016,Assault on women with intent to outrage her modesty,6,0.9
Jamshedpur,2016,Insult to the modesty of women,1,0.2
Jamshedpur,2016,Sexual harassment and molestation of women,7,0
Kanpur,2016,Assault on women with intent to outrage her modesty,118,8.8
Kanpur,2016,Insult to the modesty of women,7,0.5
Kanpur,2016,Sexual harassment and molestation of women,125,0
Kochi,2016,Assault on women with intent to outrage her modesty,67,6.2
Kochi,2016,Insult to the modesty of women,23,2.1
Kochi,2016,Sexual harassment and molestation of women,90,0
Kolkata,2016,Assault on women with intent to outrage her modesty,226,3.3
Kolkata,2016,Insult to the modesty of women,133,2
Kolkata,2016,Sexual harassment and molestation of women,359,0
Lucknow,2016,Assault on women with intent to outrage her modesty,97,7
Lucknow,2016,Insult to the modesty of women,0,0
Lucknow,2016,Sexual harassment and molestation of women,97,0
Ludhiana,2016,Assault on women with intent to outrage her modesty,27,3.7
Ludhiana,2016,Insult to the modesty of women,11,1.5
Ludhiana,2016,Sexual harassment and molestation of women,38,0
Madurai,2016,Assault on women with intent to outrage her modesty,12,1.6
Madurai,2016,Insult to the modesty of women,20,2.7
Madurai,2016,Sexual harassment and molestation of women,32,0
Meerut,2016,Assault on women with intent to outrage her modesty,34,5.1
Meerut,2016,Insult to the modesty of women,0,0
Meerut,2016,Sexual harassment and molestation of women,34,0
Mumbai,2016,Assault on women with intent to outrage her modesty,475,5.6
Mumbai,2016,Insult to the modesty of women,138,1.6
Mumbai,2016,Sexual harassment and molestation of women,613,0
Nagpur,2016,Assault on women with intent to outrage her modesty,87,7.1
Nagpur,2016,Insult to the modesty of women,48,3.9
Nagpur,2016,Sexual harassment and molestation of women,135,0
Nasik,2016,Assault on women with intent to outrage her modesty,46,6.2
Nasik,2016,Insult to the modesty of women,18,2.4
Nasik,2016,Sexual harassment and molestation of women,64,0
Patna,2016,Assault on women with intent to outrage her modesty,4,0.4
Patna,2016,Insult to the modesty of women,3,0.3
Patna,2016,Sexual harassment and molestation of women,7,0
Pune,2016,Assault on women with intent to outrage her modesty,78,3.3
Pune,2016,Insult to the modesty of women,91,3.8
Pune,2016,Sexual harassment and molestation of women,169,0
Rajkot,2016,Assault on women with intent to outrage her modesty,14,2.1
Rajkot,2016,Insult to the modesty of women,7,1.1
Rajkot,2016,Sexual harassment and molestation of women,21,0
Surat,2016,Assault on women with intent to outrage her modesty,24,1.2
Surat,2016,Insult to the modesty of women,1,0.1
Surat,2016,Sexual harassment and molestation of women,25,0
Vadodara,2016,Assault on women with intent to outrage her modesty,18,2.1
Vadodara,2016,Insult to the modesty of women,0,0
Vadodara,2016,Sexual harassment and molestation of women,18,0
Varanasi,2016,Assault on women with intent to outrage her modesty,3,0.4
Varanasi,2016,Insult to the modesty of women,0,0
Varanasi,2016,Sexual harassment and molestation of women,3,0
Vijayawada,2016,Assault on women with intent to outrage her modesty,172,23.2
Vijayawada,2016,Insult to the modesty of women,219,29.6
Vijayawada,2016,Sexual harassment and molestation of women,391,0
Vishakhapatnam,2016,Assault on women with intent to outrage her modesty,59,6.9
Vishakhapatnam,2016,Insult to the modesty of women,52,6.1
Vishakhapatnam,2016,Sexual harassment and molestation of women,111,0
Agra,2017,Assault on women with intent to outrage her modesty,190,23.6
Agra,2017,Insult to the modesty of women,0,0
Agra,2017,Sexual harassment and molestation of women,190,0
Ahmedabad,2017,Assault on women with intent to outrage her modesty,83,2.8
Ahmedabad,2017,Insult to the modesty of women,16,0.5
Ahmedabad,2017,Sexual harassment and molestation of women,99,0
Allahabad,2017,Assault on women with intent to outrage her modesty,11,2
Allahabad,2017,Insult to the modesty of women,1,0.2
Allahabad,2017,Sexual harassment and molestation of women,12,0
Amritsar,2017,Assault on women with intent to outrage her modesty,7,1.3
Amritsar,2017,Insult to the modesty of women,1,0.2
Amritsar,2017,Sexual harassment and molestation of women,8,0
Asansol,2017,Assault on women with intent to outrage her modesty,30,5
Asansol,2017,Insult to the modesty of women,7,1.2
Asansol,2017,Sexual harassment and molestation of women,37,0
Aurangabad,2017,Assault on women with intent to outrage her modesty,65,11.4
Aurangabad,2017,Insult to the modesty of women,29,5.1
Aurangabad,2017,Sexual harassment and molestation of women,94,0
Bengaluru,2017,Assault on women with intent to outrage her modesty,250,6.2
Bengaluru,2017,Insult to the modesty of women,40,1
Bengaluru,2017,Sexual harassment and molestation of women,290,0
Bhopal,2017,Assault on women with intent to outrage her modesty,93,10.4
Bhopal,2017,Insult to the modesty of women,16,1.8
Bhopal,2017,Sexual harassment and molestation of women,109,0
Chandigarh,2017,Assault on women with intent to outrage her modesty,16,3.5
Chandigarh,2017,Insult to the modesty of women,11,2.4
Chandigarh,2017,Sexual harassment and molestation of women,27,0
Chennai,2017,Assault on women with intent to outrage her modesty,73,1.7
Chennai,2017,Insult to the modesty of women,121,2.8
Chennai,2017,Sexual harassment and molestation of women,194,0
Coimbatore,2017,Assault on women with intent to outrage her modesty,32,3
Coimbatore,2017,Insult to the modesty of women,5,0.5
Coimbatore,2017,Sexual harassment and molestation of women,37,0
Delhi,2017,Assault on women with intent to outrage her modesty,556,7.3
Delhi,2017,Insult to the modesty of women,149,2
Delhi,2017,Sexual harassment and molestation of women,705,0
Dhanbad,2017,Assault on women with intent to outrage her modesty,9,1.6
Dhanbad,2017,Insult to the modesty of women,0,0
Dhanbad,2017,Sexual harassment and molestation of women,9,0
Durg-Bhilainagar,2017,Assault on women with intent to outrage her modesty,147,28.4
Durg-Bhilainagar,2017,Insult to the modesty of women,35,6.8
Durg-Bhilainagar,2017,Sexual harassment and molestation of women,182,0
Faridabad,2017,Assault on women with intent to outrage her modesty,31,4.7
Faridabad,2017,Insult to the modesty of women,59,9
Faridabad,2017,Sexual harassment and molestation of women,90,0
Ghaziabad,2017,Assault on women with intent to outrage her modesty,35,3.2
Ghaziabad,2017,Insult to the modesty of women,47,4.3
Ghaziabad,2017,Sexual harassment and molestation of women,82,0
Gwalior,2017,Assault on women with intent to outrage her modesty,97,18.9
Gwalior,2017,Insult to the modesty of women,13,2.5
Gwalior,2017,Sexual harassment and molestation of women,110,0
Hyderabad,2017,Assault on women with intent to outrage her modesty,157,4.2
Hyderabad,2017,Insult to the modesty of women,93,2.5
Hyderabad,2017,Sexual harassment and molestation of women,250,0
India,2017,Assault on women with intent to outrage her modesty,42968,7.3
India,2017,Insult to the modesty of women,8570,1.5
India,2017,Sexual harassment and molestation of women,51538,0
Indore,2017,Assault on women with intent to outrage her modesty,229,22.1
Indore,2017,Insult to the modesty of women,49,4.7
Indore,2017,Sexual harassment and molestation of women,278,0
Jabalpur,2017,Assault on women with intent to outrage her modesty,171,28.3
Jabalpur,2017,Insult to the modesty of women,27,4.5
Jabalpur,2017,Sexual harassment and molestation of women,198,0
Jaipur,2017,Assault on women with intent to outrage her modesty,125,8.6
Jaipur,2017,Insult to the modesty of women,0,0
Jaipur,2017,Sexual harassment and molestation of women,125,0
Jamshedpur,2017,Assault on women with intent to outrage her modesty,18,2.8
Jamshedpur,2017,Insult to the modesty of women,0,0
Jamshedpur,2017,Sexual harassment and molestation of women,18,0
Jodhpur,2017,Assault on women with intent to outrage her modesty,57,10.6
Jodhpur,2017,Insult to the modesty of women,1,0.2
Jodhpur,2017,Sexual harassment and molestation of women,58,0
Kannur,2017,Assault on women with intent to outrage her modesty,43,4.9
Kannur,2017,Insult to the modesty of women,8,0.9
Kannur,2017,Sexual harassment and molestation of women,51,0
Kanpur,2017,Assault on women with intent to outrage her modesty,140,10.5
Kanpur,2017,Insult to the modesty of women,2,0.1
Kanpur,2017,Sexual harassment and molestation of women,142,0
Kochi,2017,Assault on women with intent to outrage her modesty,105,9.8
Kochi,2017,Insult to the modesty of women,32,3
Kochi,2017,Sexual harassment and molestation of women,137,0
Kolkata,2017,Assault on women with intent to outrage her modesty,254,3.7
Kolkata,2017,Insult to the modesty of women,144,2.1
Kolkata,2017,Sexual harassment and molestation of women,398,0
Kollam,2017,Assault on women with intent to outrage her modesty,192,33.1
Kollam,2017,Insult to the modesty of women,19,3.3
Kollam,2017,Sexual harassment and molestation of women,211,0
Kota,2017,Assault on women with intent to outrage her modesty,58,12.3
Kota,2017,Insult to the modesty of women,0,0
Kota,2017,Sexual harassment and molestation of women,58,0
Kozhikode,2017,Assault on women with intent to outrage her modesty,124,11.6
Kozhikode,2017,Insult to the modesty of women,100,9.4
Kozhikode,2017,Sexual harassment and molestation of women,224,0
Lucknow,2017,Assault on women with intent to outrage her modesty,104,7.5
Lucknow,2017,Insult to the modesty of women,0,0
Lucknow,2017,Sexual harassment and molestation of women,104,0
Ludhiana,2017,Assault on women with intent to outrage her modesty,22,3
Ludhiana,2017,Insult to the modesty of women,10,1.4
Ludhiana,2017,Sexual harassment and molestation of women,32,0
Madurai,2017,Assault on women with intent to outrage her modesty,22,3
Madurai,2017,Insult to the modesty of women,4,0.5
Madurai,2017,Sexual harassment and molestation of women,26,0
Malappuram,2017,Assault on women with intent to outrage her modesty,37,4.2
Malappuram,2017,Insult to the modesty of women,2,0.2
Malappuram,2017,Sexual harassment and molestation of women,39,0
Meerut,2017,Assault on women with intent to outrage her modesty,47,7
Meerut,2017,Insult to the modesty of women,0,0
Meerut,2017,Sexual harassment and molestation of women,47,0
Mumbai,2017,Assault on women with intent to outrage her modesty,553,6.5
Mumbai,2017,Insult to the modesty of women,162,1.9
Mumbai,2017,Sexual harassment and molestation of women,715,0
Nagpur,2017,Assault on women with intent to outrage her modesty,68,5.6
Nagpur,2017,Insult to the modesty of women,53,4.3
Nagpur,2017,Sexual harassment and molestation of women,121,0
Nasik,2017,Assault on women with intent to outrage her modesty,37,5
Nasik,2017,Insult to the modesty of women,10,1.4
Nasik,2017,Sexual harassment and molestation of women,47,0
Patna,2017,Assault on women with intent to outrage her modesty,1,0.1
Patna,2017,Insult to the modesty of women,1,0.1
Patna,2017,Sexual harassment and molestation of women,2,0
Pune,2017,Assault on women with intent to outrage her modesty,118,4.9
Pune,2017,Insult to the modesty of women,80,3.3
Pune,2017,Sexual harassment and molestation of women,198,0
Raipur,2017,Assault on women with intent to outrage her modesty,195,35.8
Raipur,2017,Insult to the modesty of women,27,5
Raipur,2017,Sexual harassment and molestation of women,222,0
Rajkot,2017,Assault on women with intent to outrage her modesty,17,2.6
Rajkot,2017,Insult to the modesty of women,3,0.5
Rajkot,2017,Sexual harassment and molestation of women,20,0
Ranchi,2017,Assault on women with intent to outrage her modesty,5,0.9
Ranchi,2017,Insult to the modesty of women,0,0
Ranchi,2017,Sexual harassment and molestation of women,5,0
Srinagar,2017,Assault on women with intent to outrage her modesty,171,28.7
Srinagar,2017,Insult to the modesty of women,70,11.7
Srinagar,2017,Sexual harassment and molestation of women,241,0
Surat,2017,Assault on women with intent to outrage her modesty,34,1.7
Surat,2017,Insult to the modesty of women,3,0.2
Surat,2017,Sexual harassment and molestation of women,37,0
Thiruvananthapuram,2017,Assault on women with intent to outrage her modesty,241,27.6
Thiruvananthapuram,2017,Insult to the modesty of women,46,5.3
Thiruvananthapuram,2017,Sexual harassment and molestation of women,287,0
Thrissur,2017,Assault on women with intent to outrage her modesty,100,10.2
Thrissur,2017,Insult to the modesty of women,28,2.9
Thrissur,2017,Sexual harassment and molestation of women,128,0
Tiruchirappalli,2017,Assault on women with intent to outrage her modesty,17,3.3
Tiruchirappalli,2017,Insult to the modesty of women,26,5.1
Tiruchirappalli,2017,Sexual harassment and molestation of women,43,0
Vadodara,2017,Assault on women with intent to outrage her modesty,15,1.7
Vadodara,2017,Insult to the modesty of women,2,0.2
Vadodara,2017,Sexual harassment and molestation of women,17,0
Varanasi,2017,Assault on women with intent to outrage her modesty,1,0.1
Varanasi,2017,Insult to the modesty of women,0,0
Varanasi,2017,Sexual harassment and molestation of women,1,0
Vasai-Virar,2017,Assault on women with intent to outrage her modesty,19,3.3
Vasai-Virar,2017,Insult to the modesty of women,10,1.7
Vasai-Virar,2017,Sexual harassment and molestation of women,29,0
Vijayawada,2017,Assault on women with intent to outrage her modesty,248,33.5
Vijayawada,2017,Insult to the modesty of women,355,47.9
Vijayawada,2017,Sexual harassment and molestation of women,603,0
Vishakhapatnam,2017,Assault on women with intent to outrage her modesty,31,3.6
Vishakhapatnam,2017,Insult to the modesty of women,50,5.9
Vishakhapatnam,2017,Sexual harassment and molestation of women,81,0
Agra,2018,Assault on women with intent to outrage her modesty,61,7.6
Agra,2018,Insult to the modesty of women,43,5.3
Agra,2018,Sexual harassment and molestation of women,104,0
Ahmedabad,2018,Assault on women with intent to outrage her modesty,79,2.6
Ahmedabad,2018,Insult to the modesty of women,7,0.2
Ahmedabad,2018,Sexual harassment and molestation of women,86,0
Allahabad,2018,Assault on women with intent to outrage her modesty,17,3
Allahabad,2018,Insult to the modesty of women,0,0
Allahabad,2018,Sexual harassment and molestation of women,17,0
Amritsar,2018,Assault on women with intent to outrage her modesty,14,2.5
Amritsar,2018,Insult to the modesty of women,0,0
Amritsar,2018,Sexual harassment and molestation of women,14,0
Asansol,2018,Assault on women with intent to outrage her modesty,31,5.2
Asansol,2018,Insult to the modesty of women,4,0.7
Asansol,2018,Sexual harassment and molestation of women,35,0
Aurangabad,2018,Assault on women with intent to outrage her modesty,79,13.9
Aurangabad,2018,Insult to the modesty of women,28,4.9
Aurangabad,2018,Sexual harassment and molestation of women,107,0
Bengaluru,2018,Assault on women with intent to outrage her modesty,321,7.9
Bengaluru,2018,Insult to the modesty of women,51,1.3
Bengaluru,2018,Sexual harassment and molestation of women,372,0
Bhopal,2018,Assault on women with intent to outrage her modesty,202,22.5
Bhopal,2018,Insult to the modesty of women,29,3.2
Bhopal,2018,Sexual harassment and molestation of women,231,0
Chandigarh,2018,Assault on women with intent to outrage her modesty,43,9.3
Chandigarh,2018,Insult to the modesty of women,23,5
Chandigarh,2018,Sexual harassment and molestation of women,66,0
Chennai,2018,Assault on women with intent to outrage her modesty,90,2.1
Chennai,2018,Insult to the modesty of women,141,3.3
Chennai,2018,Sexual harassment and molestation of women,231,0
Coimbatore,2018,Assault on women with intent to outrage her modesty,17,1.6
Coimbatore,2018,Insult to the modesty of women,2,0.2
Coimbatore,2018,Sexual harassment and molestation of women,19,0
Delhi,2018,Assault on women with intent to outrage her modesty,639,8.4
Delhi,2018,Insult to the modesty of women,181,2.4
Delhi,2018,Sexual harassment and molestation of women,820,0
Dhanbad,2018,Assault on women with intent to outrage her modesty,4,0.7
Dhanbad,2018,Insult to the modesty of women,0,0
Dhanbad,2018,Sexual harassment and molestation of women,4,0
Durg-Bhilainagar,2018,Assault on women with intent to outrage her modesty,139,26.8
Durg-Bhilainagar,2018,Insult to the modesty of women,23,4.4
Durg-Bhilainagar,2018,Sexual harassment and molestation of women,162,0
Faridabad,2018,Assault on women with intent to outrage her modesty,31,4.7
Faridabad,2018,Insult to the modesty of women,84,12.8
Faridabad,2018,Sexual harassment and molestation of women,115,0
Ghaziabad,2018,Assault on women with intent to outrage her modesty,34,3.1
Ghaziabad,2018,Insult to the modesty of women,37,3.4
Ghaziabad,2018,Sexual harassment and molestation of women,71,0
Gwalior,2018,Assault on women with intent to outrage her modesty,110,21.4
Gwalior,2018,Insult to the modesty of women,11,2.1
Gwalior,2018,Sexual harassment and molestation of women,121,0
Hyderabad,2018,Assault on women with intent to outrage her modesty,145,3.9
Hyderabad,2018,Insult to the modesty of women,141,3.7
Hyderabad,2018,Sexual harassment and molestation of women,286,0
India,2018,Assault on women with intent to outrage her modesty,45351,7.7
India,2018,Insult to the modesty of women,9173,1.6
India,2018,Sexual harassment and molestation of women,54524,0
Indore,2018,Assault on women with intent to outrage her modesty,297,28.6
Indore,2018,Insult to the modesty of women,90,8.7
Indore,2018,Sexual harassment and molestation of women,387,0
Jabalpur,2018,Assault on women with intent to outrage her modesty,160,26.5
Jabalpur,2018,Insult to the modesty of women,41,6.8
Jabalpur,2018,Sexual harassment and molestation of women,201,0
Jaipur,2018,Assault on women with intent to outrage her modesty,91,6.3
Jaipur,2018,Insult to the modesty of women,0,0
Jaipur,2018,Sexual harassment and molestation of women,91,0
Jamshedpur,2018,Assault on women with intent to outrage her modesty,18,2.8
Jamshedpur,2018,Insult to the modesty of women,2,0.3
Jamshedpur,2018,Sexual harassment and molestation of women,20,0
Jodhpur,2018,Assault on women with intent to outrage her modesty,43,8
Jodhpur,2018,Insult to the modesty of women,0,0
Jodhpur,2018,Sexual harassment and molestation of women,43,0
Kannur,2018,Assault on women with intent to outrage her modesty,40,4.5
Kannur,2018,Insult to the modesty of women,5,0.6
Kannur,2018,Sexual harassment and molestation of women,45,0
Kanpur,2018,Assault on women with intent to outrage her modesty,57,4.3
Kanpur,2018,Insult to the modesty of women,0,0
Kanpur,2018,Sexual harassment and molestation of women,57,0
Kochi,2018,Assault on women with intent to outrage her modesty,108,10
Kochi,2018,Insult to the modesty of women,16,1.5
Kochi,2018,Sexual harassment and molestation of women,124,0
Kolkata,2018,Assault on women with intent to outrage her modesty,486,7.2
Kolkata,2018,Insult to the modesty of women,377,5.5
Kolkata,2018,Sexual harassment and molestation of women,863,0
Kollam,2018,Assault on women with intent to outrage her modesty,171,29.5
Kollam,2018,Insult to the modesty of women,41,7.1
Kollam,2018,Sexual harassment and molestation of women,212,0
Kota,2018,Assault on women with intent to outrage her modesty,73,15.5
Kota,2018,Insult to the modesty of women,0,0
Kota,2018,Sexual harassment and molestation of women,73,0
Kozhikode,2018,Assault on women with intent to outrage her modesty,103,9.7
Kozhikode,2018,Insult to the modesty of women,83,7.8
Kozhikode,2018,Sexual harassment and molestation of women,186,0
Lucknow,2018,Assault on women with intent to outrage her modesty,110,8
Lucknow,2018,Insult to the modesty of women,2,0.1
Lucknow,2018,Sexual harassment and molestation of women,112,0
Ludhiana,2018,Assault on women with intent to outrage her modesty,30,4.1
Ludhiana,2018,Insult to the modesty of women,14,1.9
Ludhiana,2018,Sexual harassment and molestation of women,44,0
Madurai,2018,Assault on women with intent to outrage her modesty,28,3.8
Madurai,2018,Insult to the modesty of women,8,1.1
Madurai,2018,Sexual harassment and molestation of women,36,0
Malappuram,2018,Assault on women with intent to outrage her modesty,33,3.7
Malappuram,2018,Insult to the modesty of women,4,0.4
Malappuram,2018,Sexual harassment and molestation of women,37,0
Meerut,2018,Assault on women with intent to outrage her modesty,63,9.4
Meerut,2018,Insult to the modesty of women,0,0
Meerut,2018,Sexual harassment and molestation of women,63,0
Mumbai,2018,Assault on women with intent to outrage her modesty,614,7.2
Mumbai,2018,Insult to the modesty of women,235,2.8
Mumbai,2018,Sexual harassment and molestation of women,849,0
Nagpur,2018,Assault on women with intent to outrage her modesty,84,6.9
Nagpur,2018,Insult to the modesty of women,53,4.3
Nagpur,2018,Sexual harassment and molestation of women,137,0
Nasik,2018,Assault on women with intent to outrage her modesty,36,4.9
Nasik,2018,Insult to the modesty of women,16,2.2
Nasik,2018,Sexual harassment and molestation of women,52,0
Patna,2018,Assault on women with intent to outrage her modesty,15,1.6
Patna,2018,Insult to the modesty of women,1,0.1
Patna,2018,Sexual harassment and molestation of women,16,0
Pune,2018,Assault on women with intent to outrage her modesty,120,5
Pune,2018,Insult to the modesty of women,85,3.6
Pune,2018,Sexual harassment and molestation of women,205,0
Raipur,2018,Assault on women with intent to outrage her modesty,89,16.4
Raipur,2018,Insult to the modesty of women,26,4.8
Raipur,2018,Sexual harassment and molestation of women,115,0
Rajkot,2018,Assault on women with intent to outrage her modesty,10,1.5
Rajkot,2018,Insult to the modesty of women,3,0.5
Rajkot,2018,Sexual harassment and molestation of women,13,0
Ranchi,2018,Assault on women with intent to outrage her modesty,10,1.9
Ranchi,2018,Insult to the modesty of women,4,0.7
Ranchi,2018,Sexual harassment and molestation of women,14,0
Srinagar,2018,Assault on women with intent to outrage her modesty,201,33.7
Srinagar,2018,Insult to the modesty of women,82,13.8
Srinagar,2018,Sexual harassment and molestation of women,283,0
Surat,2018,Assault on women with intent to outrage her modesty,28,1.4
Surat,2018,Insult to the modesty of women,0,0
Surat,2018,Sexual harassment and molestation of women,28,0
Thiruvananthapuram,2018,Assault on women with intent to outrage her modesty,226,25.9
Thiruvananthapuram,2018,Insult to the modesty of women,19,2.2
Thiruvananthapuram,2018,Sexual harassment and molestation of women,245,0
Thrissur,2018,Assault on women with intent to outrage her modesty,111,11.3
Thrissur,2018,Insult to the modesty of women,32,3.3
Thrissur,2018,Sexual harassment and molestation of women,143,0
Tiruchirappalli,2018,Assault on women with intent to outrage her modesty,9,1.7
Tiruchirappalli,2018,Insult to the modesty of women,39,7.6
Tiruchirappalli,2018,Sexual harassment and molestation of women,48,0
Vadodara,2018,Assault on women with intent to outrage her modesty,15,1.7
Vadodara,2018,Insult to the modesty of women,4,0.5
Vadodara,2018,Sexual harassment and molestation of women,19,0
Varanasi,2018,Assault on women with intent to outrage her modesty,9,1.3
Varanasi,2018,Insult to the modesty of women,0,0
Varanasi,2018,Sexual harassment and molestation of women,9,0
Vasai-Virar,2018,Assault on women with intent to outrage her modesty,46,8
Vasai-Virar,2018,Insult to the modesty of women,6,1
Vasai-Virar,2018,Sexual harassment and molestation of women,52,0
Vijayawada,2018,Assault on women with intent to outrage her modesty,223,30.1
Vijayawada,2018,Insult to the modesty of women,418,56.5
Vijayawada,2018,Sexual harassment and molestation of women,641,0
Vishakhapatnam,2018,Assault on women with intent to outrage her modesty,23,2.7
Vishakhapatnam,2018,Insult to the modesty of women,11,1.3
Vishakhapatnam,2018,Sexual harassment and molestation of women,34,0
Agra,2019,Assault on women with intent to outrage her modesty,167,20.8
Agra,2019,Insult to the modesty of women,0,0
Agra,2019,Sexual harassment and molestation of women,167,0
Ahmedabad,2019,Assault on women with intent to outrage her modesty,180,6
Ahmedabad,2019,Insult to the modesty of women,8,0.3
Ahmedabad,2019,Sexual harassment and molestation of women,188,0
Allahabad,2019,Assault on women with intent to outrage her modesty,92,16.4
Allahabad,2019,Insult to the modesty of women,0,0
Allahabad,2019,Sexual harassment and molestation of women,92,0
Amritsar,2019,Assault on women with intent to outrage her modesty,53,9.6
Amritsar,2019,Insult to the modesty of women,4,0.7
Amritsar,2019,Sexual harassment and molestation of women,57,0
Asansol,2019,Assault on women with intent to outrage her modesty,73,12.3
Asansol,2019,Insult to the modesty of women,1,0.2
Asansol,2019,Sexual harassment and molestation of women,74,0
Aurangabad,2019,Assault on women with intent to outrage her modesty,173,30.4
Aurangabad,2019,Insult to the modesty of women,38,6.7
Aurangabad,2019,Sexual harassment and molestation of women,211,0
Bengaluru,2019,Assault on women with intent to outrage her modesty,378,9.3
Bengaluru,2019,Insult to the modesty of women,73,1.8
Bengaluru,2019,Sexual harassment and molestation of women,451,0
Bhopal,2019,Assault on women with intent to outrage her modesty,307,34.2
Bhopal,2019,Insult to the modesty of women,42,4.7
Bhopal,2019,Sexual harassment and molestation of women,349,0
Chandigarh,2019,Assault on women with intent to outrage her modesty,136,29.4
Chandigarh,2019,Insult to the modesty of women,25,5.4
Chandigarh,2019,Sexual harassment and molestation of women,161,0
Chennai,2019,Assault on women with intent to outrage her modesty,55,1.3
Chennai,2019,Insult to the modesty of women,155,3.6
Chennai,2019,Sexual harassment and molestation of women,210,0
Coimbatore,2019,Assault on women with intent to outrage her modesty,15,1.4
Coimbatore,2019,Insult to the modesty of women,4,0.4
Coimbatore,2019,Sexual harassment and molestation of women,19,0
Delhi,2019,Assault on women with intent to outrage her modesty,3069,40.5
Delhi,2019,Insult to the modesty of women,807,10.7
Delhi,2019,Sexual harassment and molestation of women,3876,0
Dhanbad,2019,Assault on women with intent to outrage her modesty,9,1.6
Dhanbad,2019,Insult to the modesty of women,0,0
Dhanbad,2019,Sexual harassment and molestation of women,9,0
Durg-Bhilainagar,2019,Assault on women with intent to outrage her modesty,180,34.7
Durg-Bhilainagar,2019,Insult to the modesty of women,17,3.3
Durg-Bhilainagar,2019,Sexual harassment and molestation of women,197,0
Faridabad,2019,Assault on women with intent to outrage her modesty,90,13.8
Faridabad,2019,Insult to the modesty of women,56,8.6
Faridabad,2019,Sexual harassment and molestation of women,146,0
Ghaziabad,2019,Assault on women with intent to outrage her modesty,124,11.3
Ghaziabad,2019,Insult to the modesty of women,0,0
Ghaziabad,2019,Sexual harassment and molestation of women,124,0
Gwalior,2019,Assault on women with intent to outrage her modesty,262,51.1
Gwalior,2019,Insult to the modesty of women,45,8.8
Gwalior,2019,Sexual harassment and molestation of women,307,0
Hyderabad,2019,Assault on women with intent to outrage her modesty,225,6
Hyderabad,2019,Insult to the modesty of women,90,2.4
Hyderabad,2019,Sexual harassment and molestation of women,315,0
India,2019,Assault on women with intent to outrage her modesty,70739,11.9
India,2019,Insult to the modesty of women,12589,2.1
India,2019,Sexual harassment and molestation of women,83328,0
Indore,2019,Assault on women with intent to outrage her modesty,251,24.2
Indore,2019,Insult to the modesty of women,54,5.2
Indore,2019,Sexual harassment and molestation of women,305,0
Jabalpur,2019,Assault on women with intent to outrage her modesty,194,32.1
Jabalpur,2019,Insult to the modesty of women,21,3.5
Jabalpur,2019,Sexual harassment and molestation of women,215,0
Jaipur,2019,Assault on women with intent to outrage her modesty,283,19.5
Jaipur,2019,Insult to the modesty of women,0,0
Jaipur,2019,Sexual harassment and molestation of women,283,0
Jamshedpur,2019,Assault on women with intent to outrage her modesty,52,8.1
Jamshedpur,2019,Insult to the modesty of women,2,0.3
Jamshedpur,2019,Sexual harassment and molestation of women,54,0
Jodhpur,2019,Assault on women with intent to outrage her modesty,141,26.2
Jodhpur,2019,Insult to the modesty of women,0,0
Jodhpur,2019,Sexual harassment and molestation of women,141,0
Kannur,2019,Assault on women with intent to outrage her modesty,58,6.6
Kannur,2019,Insult to the modesty of women,5,0.6
Kannur,2019,Sexual harassment and molestation of women,63,0
Kanpur,2019,Assault on women with intent to outrage her modesty,59,4.4
Kanpur,2019,Insult to the modesty of women,0,0
Kanpur,2019,Sexual harassment and molestation of women,59,0
Kochi,2019,Assault on women with intent to outrage her modesty,168,15.6
Kochi,2019,Insult to the modesty of women,23,2.1
Kochi,2019,Sexual harassment and molestation of women,191,0
Kolkata,2019,Assault on women with intent to outrage her modesty,707,10.4
Kolkata,2019,Insult to the modesty of women,412,6.1
Kolkata,2019,Sexual harassment and molestation of women,1119,0
Kollam,2019,Assault on women with intent to outrage her modesty,198,34.1
Kollam,2019,Insult to the modesty of women,17,2.9
Kollam,2019,Sexual harassment and molestation of women,215,0
Kota,2019,Assault on women with intent to outrage her modesty,101,21.4
Kota,2019,Insult to the modesty of women,5,1.1
Kota,2019,Sexual harassment and molestation of women,106,0
Kozhikode,2019,Assault on women with intent to outrage her modesty,110,10.3
Kozhikode,2019,Insult to the modesty of women,44,4.1
Kozhikode,2019,Sexual harassment and molestation of women,154,0
Lucknow,2019,Assault on women with intent to outrage her modesty,261,18.9
Lucknow,2019,Insult to the modesty of women,1,0.1
Lucknow,2019,Sexual harassment and molestation of women,262,0
Ludhiana,2019,Assault on women with intent to outrage her modesty,81,11
Ludhiana,2019,Insult to the modesty of women,21,2.8
Ludhiana,2019,Sexual harassment and molestation of women,102,0
Madurai,2019,Assault on women with intent to outrage her modesty,23,3.2
Madurai,2019,Insult to the modesty of women,2,0.3
Madurai,2019,Sexual harassment and molestation of women,25,0
Malappuram,2019,Assault on women with intent to outrage her modesty,49,5.5
Malappuram,2019,Insult to the modesty of women,3,0.3
Malappuram,2019,Sexual harassment and molestation of women,52,0
Meerut,2019,Assault on women with intent to outrage her modesty,151,22.5
Meerut,2019,Insult to the modesty of women,0,0
Meerut,2019,Sexual harassment and molestation of women,151,0
Mumbai,2019,Assault on women with intent to outrage her modesty,1163,13.7
Mumbai,2019,Insult to the modesty of women,444,5.2
Mumbai,2019,Sexual harassment and molestation of women,1607,0
Nagpur,2019,Assault on women with intent to outrage her modesty,209,17.1
Nagpur,2019,Insult to the modesty of women,52,4.3
Nagpur,2019,Sexual harassment and molestation of women,261,0
Nasik,2019,Assault on women with intent to outrage her modesty,96,13
Nasik,2019,Insult to the modesty of women,9,1.2
Nasik,2019,Sexual harassment and molestation of women,105,0
Patna,2019,Assault on women with intent to outrage her modesty,15,1.6
Patna,2019,Insult to the modesty of women,2,0.2
Patna,2019,Sexual harassment and molestation of women,17,0
Pune,2019,Assault on women with intent to outrage her modesty,304,12.7
Pune,2019,Insult to the modesty of women,128,5.4
Pune,2019,Sexual harassment and molestation of women,432,0
Raipur,2019,Assault on women with intent to outrage her modesty,171,31.4
Raipur,2019,Insult to the modesty of women,19,3.5
Raipur,2019,Sexual harassment and molestation of women,190,0
Rajkot,2019,Assault on women with intent to outrage her modesty,18,2.7
Rajkot,2019,Insult to the modesty of women,4,0.6
Rajkot,2019,Sexual harassment and molestation of women,22,0
Ranchi,2019,Assault on women with intent to outrage her modesty,11,2
Ranchi,2019,Insult to the modesty of women,6,1.1
Ranchi,2019,Sexual harassment and molestation of women,17,0
Srinagar,2019,Assault on women with intent to outrage her modesty,266,44.6
Srinagar,2019,Insult to the modesty of women,90,15.1
Srinagar,2019,Sexual harassment and molestation of women,356,0
Surat,2019,Assault on women with intent to outrage her modesty,91,4.6
Surat,2019,Insult to the modesty of women,0,0
Surat,2019,Sexual harassment and molestation of women,91,0
Thiruvananthapuram,2019,Assault on women with intent to outrage her modesty,299,34.3
Thiruvananthapuram,2019,Insult to the modesty of women,33,3.8
Thiruvananthapuram,2019,Sexual harassment and molestation of women,332,0
Thrissur,2019,Assault on women with intent to outrage her modesty,85,8.7
Thrissur,2019,Insult to the modesty of women,17,1.7
Thrissur,2019,Sexual harassment and molestation of women,102,0
Tiruchirappalli,2019,Assault on women with intent to outrage her modesty,18,3.5
Tiruchirappalli,2019,Insult to the modesty of women,6,1.2
Tiruchirappalli,2019,Sexual harassment and molestation of women,24,0
Vadodara,2019,Assault on women with intent to outrage her modesty,107,12.3
Vadodara,2019,Insult to the modesty of women,7,0.8
Vadodara,2019,Sexual harassment and molestation of women,114,0
Varanasi,2019,Assault on women with intent to outrage her modesty,121,18
Varanasi,2019,Insult to the modesty of women,3,0.5
Varanasi,2019,Sexual harassment and molestation of women,124,0
Vasai-Virar,2019,Assault on women with intent to outrage her modesty,66,11.5
Vasai-Virar,2019,Insult to the modesty of women,24,4.2
Vasai-Virar,2019,Sexual harassment and molestation of women,90,0
Vijayawada,2019,Assault on women with intent to outrage her modesty,249,33.6
Vijayawada,2019,Insult to the modesty of women,456,61.6
Vijayawada,2019,Sexual harassment and molestation of women,705,0
Vishakhapatnam,2019,Assault on women with intent to outrage her modesty,149,17.4
Vishakhapatnam,2019,Insult to the modesty of women,100,11.7
Vishakhapatnam,2019,Sexual harassment and molestation of women,249,0
Agra,2020,Assault on women with intent to outrage her modesty,207,25.7
Agra,2020,Insult to the modesty of women,0,0
Agra,2020,Sexual harassment and molestation of women,207,0
Ahmedabad,2020,Assault on women with intent to outrage her modesty,162,5.4
Ahmedabad,2020,Insult to the modesty of women,3,0.1
Ahmedabad,2020,Sexual harassment and molestation of women,165,0
Allahabad,2020,Assault on women with intent to outrage her modesty,96,17.1
Allahabad,2020,Insult to the modesty of women,1,0.2
Allahabad,2020,Sexual harassment and molestation of women,97,0
Amritsar,2020,Assault on women with intent to outrage her modesty,45,8.1
Amritsar,2020,Insult to the modesty of women,2,0.4
Amritsar,2020,Sexual harassment and molestation of women,47,0
Asansol,2020,Assault on women with intent to outrage her modesty,158,26.6
Asansol,2020,Insult to the modesty of women,1,0.2
Asansol,2020,Sexual harassment and molestation of women,159,0
Aurangabad,2020,Assault on women with intent to outrage her modesty,227,39.9
Aurangabad,2020,Insult to the modesty of women,5,0.9
Aurangabad,2020,Sexual harassment and molestation of women,232,0
Bengaluru,2020,Assault on women with intent to outrage her modesty,680,16.8
Bengaluru,2020,Insult to the modesty of women,57,1.4
Bengaluru,2020,Sexual harassment and molestation of women,737,0
Bhopal,2020,Assault on women with intent to outrage her modesty,289,32.2
Bhopal,2020,Insult to the modesty of women,13,1.4
Bhopal,2020,Sexual harassment and molestation of women,302,0
Chandigarh,2020,Assault on women with intent to outrage her modesty,78,16.8
Chandigarh,2020,Insult to the modesty of women,1,0.2
Chandigarh,2020,Sexual harassment and molestation of women,79,0
Chennai,2020,Assault on women with intent to outrage her modesty,59,1.4
Chennai,2020,Insult to the modesty of women,157,3.6
Chennai,2020,Sexual harassment and molestation of women,216,0
Coimbatore,2020,Assault on women with intent to outrage her modesty,8,0.7
Coimbatore,2020,Insult to the modesty of women,0,0
Coimbatore,2020,Sexual harassment and molestation of women,8,0
Delhi,2020,Assault on women with intent to outrage her modesty,3810,50.3
Delhi,2020,Insult to the modesty of women,1111,14.7
Delhi,2020,Sexual harassment and molestation of women,4921,0
Dhanbad,2020,Assault on women with intent to outrage her modesty,18,3.2
Dhanbad,2020,Insult to the modesty of women,0,0
Dhanbad,2020,Sexual harassment and molestation of women,18,0
Durg-Bhilainagar,2020,Assault on women with intent to outrage her modesty,194,37.5
Durg-Bhilainagar,2020,Insult to the modesty of women,9,1.7
Durg-Bhilainagar,2020,Sexual harassment and molestation of women,203,0
Faridabad,2020,Assault on women with intent to outrage her modesty,94,14.4
Faridabad,2020,Insult to the modesty of women,16,2.4
Faridabad,2020,Sexual harassment and molestation of women,110,0
Ghaziabad,2020,Assault on women with intent to outrage her modesty,168,15.2
Ghaziabad,2020,Insult to the modesty of women,8,0.7
Ghaziabad,2020,Sexual harassment and molestation of women,176,0
Gwalior,2020,Assault on women with intent to outrage her modesty,272,53
Gwalior,2020,Insult to the modesty of women,19,3.7
Gwalior,2020,Sexual harassment and molestation of women,291,0
Hyderabad,2020,Assault on women with intent to outrage her modesty,393,10.4
Hyderabad,2020,Insult to the modesty of women,87,2.3
Hyderabad,2020,Sexual harassment and molestation of women,480,0
India,2020,Assault on women with intent to outrage her modesty,82235,13.7
India,2020,Insult to the modesty of women,8735,1.6
India,2020,Sexual harassment and molestation of women,90970,0
Indore,2020,Assault on women with intent to outrage her modesty,301,29
Indore,2020,Insult to the modesty of women,31,3
Indore,2020,Sexual harassment and molestation of women,332,0
Jabalpur,2020,Assault on women with intent to outrage her modesty,221,36.6
Jabalpur,2020,Insult to the modesty of women,31,5.1
Jabalpur,2020,Sexual harassment and molestation of women,252,0
Jaipur,2020,Assault on women with intent to outrage her modesty,455,31.3
Jaipur,2020,Insult to the modesty of women,0,0
Jaipur,2020,Sexual harassment and molestation of women,455,0
Jamshedpur,2020,Assault on women with intent to outrage her modesty,30,4.7
Jamshedpur,2020,Insult to the modesty of women,0,0
Jamshedpur,2020,Sexual harassment and molestation of women,30,0
Jodhpur,2020,Assault on women with intent to outrage her modesty,212,39.4
Jodhpur,2020,Insult to the modesty of women,3,0.6
Jodhpur,2020,Sexual harassment and molestation of women,215,0
Kannur,2020,Assault on women with intent to outrage her modesty,47,5.3
Kannur,2020,Insult to the modesty of women,5,0.6
Kannur,2020,Sexual harassment and molestation of women,52,0
Kanpur,2020,Assault on women with intent to outrage her modesty,129,9.7
Kanpur,2020,Insult to the modesty of women,1,0.1
Kanpur,2020,Sexual harassment and molestation of women,130,0
Kochi,2020,Assault on women with intent to outrage her modesty,158,14.7
Kochi,2020,Insult to the modesty of women,18,1.7
Kochi,2020,Sexual harassment and molestation of women,176,0
Kolkata,2020,Assault on women with intent to outrage her modesty,577,8.5
Kolkata,2020,Insult to the modesty of women,286,4.2
Kolkata,2020,Sexual harassment and molestation of women,863,0
Kollam,2020,Assault on women with intent to outrage her modesty,287,49.5
Kollam,2020,Insult to the modesty of women,13,2.2
Kollam,2020,Sexual harassment and molestation of women,300,0
Kota,2020,Assault on women with intent to outrage her modesty,102,21.6
Kota,2020,Insult to the modesty of women,0,0
Kota,2020,Sexual harassment and molestation of women,102,0
Kozhikode,2020,Assault on women with intent to outrage her modesty,107,10.1
Kozhikode,2020,Insult to the modesty of women,9,0.8
Kozhikode,2020,Sexual harassment and molestation of women,116,0
Lucknow,2020,Assault on women with intent to outrage her modesty,229,16.6
Lucknow,2020,Insult to the modesty of women,2,0.1
Lucknow,2020,Sexual harassment and molestation of women,231,0
Ludhiana,2020,Assault on women with intent to outrage her modesty,98,13.3
Ludhiana,2020,Insult to the modesty of women,19,2.6
Ludhiana,2020,Sexual harassment and molestation of women,117,0
Madurai,2020,Assault on women with intent to outrage her modesty,22,3
Madurai,2020,Insult to the modesty of women,1,0.1
Madurai,2020,Sexual harassment and molestation of women,23,0
Malappuram,2020,Assault on women with intent to outrage her modesty,75,8.4
Malappuram,2020,Insult to the modesty of women,0,0
Malappuram,2020,Sexual harassment and molestation of women,75,0
Meerut,2020,Assault on women with intent to outrage her modesty,217,32.4
Meerut,2020,Insult to the modesty of women,0,0
Meerut,2020,Sexual harassment and molestation of women,217,0
Mumbai,2020,Assault on women with intent to outrage her modesty,1626,19.1
Mumbai,2020,Insult to the modesty of women,363,4.3
Mumbai,2020,Sexual harassment and molestation of women,1989,0
Nagpur,2020,Assault on women with intent to outrage her modesty,279,22.8
Nagpur,2020,Insult to the modesty of women,25,2
Nagpur,2020,Sexual harassment and molestation of women,304,0
Nasik,2020,Assault on women with intent to outrage her modesty,101,13.7
Nasik,2020,Insult to the modesty of women,3,0.4
Nasik,2020,Sexual harassment and molestation of women,104,0
Patna,2020,Assault on women with intent to outrage her modesty,0,0
Patna,2020,Insult to the modesty of women,56,5.8
Patna,2020,Sexual harassment and molestation of women,56,0
Pune,2020,Assault on women with intent to outrage her modesty,454,19
Pune,2020,Insult to the modesty of women,98,4.1
Pune,2020,Sexual harassment and molestation of women,552,0
Raipur,2020,Assault on women with intent to outrage her modesty,120,22.1
Raipur,2020,Insult to the modesty of women,3,0.6
Raipur,2020,Sexual harassment and molestation of women,123,0
Rajkot,2020,Assault on women with intent to outrage her modesty,31,4.7
Rajkot,2020,Insult to the modesty of women,5,0.8
Rajkot,2020,Sexual harassment and molestation of women,36,0
Ranchi,2020,Assault on women with intent to outrage her modesty,16,3
Ranchi,2020,Insult to the modesty of women,8,1.5
Ranchi,2020,Sexual harassment and molestation of women,24,0
Srinagar,2020,Assault on women with intent to outrage her modesty,218,36.6
Srinagar,2020,Insult to the modesty of women,44,7.4
Srinagar,2020,Sexual harassment and molestation of women,262,0
Surat,2020,Assault on women with intent to outrage her modesty,70,3.5
Surat,2020,Insult to the modesty of women,0,0
Surat,2020,Sexual harassment and molestation of women,70,0
Thiruvananthapuram,2020,Assault on women with intent to outrage her modesty,254,29.1
Thiruvananthapuram,2020,Insult to the modesty of women,15,1.7
Thiruvananthapuram,2020,Sexual harassment and molestation of women,269,0
Thrissur,2020,Assault on women with intent to outrage her modesty,109,11.1
Thrissur,2020,Insult to the modesty of women,11,1.1
Thrissur,2020,Sexual harassment and molestation of women,120,0
Tiruchirappalli,2020,Assault on women with intent to outrage her modesty,10,1.9
Tiruchirappalli,2020,Insult to the modesty of women,3,0.6
Tiruchirappalli,2020,Sexual harassment and molestation of women,13,0
Vadodara,2020,Assault on women with intent to outrage her modesty,109,12.5
Vadodara,2020,Insult to the modesty of women,8,0.9
Vadodara,2020,Sexual harassment and molestation of women,117,0
Varanasi,2020,Assault on women with intent to outrage her modesty,116,17.2
Varanasi,2020,Insult to the modesty of women,3,0.4
Varanasi,2020,Sexual harassment and molestation of women,119,0
Vasai-Virar,2020,Assault on women with intent to outrage her modesty,113,19.8
Vasai-Virar,2020,Insult to the modesty of women,16,2.8
Vasai-Virar,2020,Sexual harassment and molestation of women,129,0
Vijayawada,2020,Assault on women with intent to outrage her modesty,279,37.7
Vijayawada,2020,Insult to the modesty of women,212,28.6
Vijayawada,2020,Sexual harassment and molestation of women,491,0
Vishakhapatnam,2020,Assault on women with intent to outrage her modesty,147,17.2
Vishakhapatnam,2020,Insult to the modesty of women,112,13.1
Vishakhapatnam,2020,Sexual harassment and molestation of women,259,0
